기관명,주소,우편번호,위도,경도,학교명,학생수(계),작은학교여부
목포서산초등학교,"전라남도 목포시 유달로 28 (서산동,목포서산초등학교)",58758,34.78209433,126.374877,목포서산초등학교,32,1
목포유달초등학교달리분교장,"전라남도 목포시 달리길157번길 35 (달동,유달초등학교달리분교)",58761,34.77492772,126.3135412,목포유달초등학교달리분교장,1,1
망운초등학교,"전라남도 무안군 망운면 망운로 34 (망운면,망운초등학교)",58534,35.01627831,126.393733,망운초등학교,28,1
몽탄초등학교,"전라남도 무안군 몽탄면 몽탄로 878 (몽탄면,몽탄초교)",58546,34.92937501,126.5015002,몽탄초등학교,21,1
삼향북초등학교,"전라남도 무안군 삼향읍 원지산길 66 (삼향읍,삼향북초등학교)",58558,34.87964218,126.4198651,삼향북초등학교,39,1
운남초등학교,"전라남도 무안군 운남면 운해로 543 (운남면,운남초등학교)",58537,34.95953794,126.3382734,운남초등학교,45,1
일로동초등학교,"전라남도 무안군 일로읍 광암길 81-7 (일로읍,일로동초교)",58570,34.87289919,126.5089418,일로동초등학교,45,1
일로초등학교청망분교장,"전라남도 무안군 일로읍 청포로 421 (일로읍,일로초교청망분교장)",58577,34.79300776,126.5030085,일로초등학교청망분교장,9,1
청계남초등학교,"전라남도 무안군 청계면 문화로 105 (청계면,청계남초등학교)",58555,34.88436085,126.4372989,청계남초등학교,42,1
청계북초등학교,"전라남도 무안군 청계면 사마길 8 (청계면,청계북초등학교)",58545,34.95758395,126.4464073,청계북초등학교,35,1
해제남초등학교,"전라남도 무안군 해제면 돌기길 5 (해제면,해제남초등학교)",58508,35.08244469,126.2955581,해제남초등학교,15,1
현경북초등학교,"전라남도 무안군 현경면 현해로 757 (현경면,현경북초등학교)",58509,35.05993415,126.3609451,현경북초등학교,28,1
겸백초등학교,전라남도 보성군 겸백면 충의로 2496 겸백초등학교,59411,34.83142371,127.1510838,겸백초등학교,15,1
낙성초등학교,"전라남도 보성군 벌교읍 채동선로 706 , 낙성초등학교",59413,34.87688234,127.3137965,낙성초등학교,34,1
다압초등학교,"전라남도 광양시 다압면 항동3길 10 (다압면,다압초등학교)",57709,35.12126637,127.6914757,다압초등학교,17,1
봉강초등학교,"전라남도 광양시 봉강면 조양길 42 (봉강면,봉강초등학교)",57701,35.01223063,127.5809469,봉강초등학교,58,1
옥곡초등학교,"전라남도 광양시 옥곡면 옥진로 623 (옥곡면,옥곡초등학교)",57726,34.99090492,127.6960029,옥곡초등학교,52,1
옥룡북초등학교,"전라남도 광양시 옥룡면 청평길 7 (옥룡면,옥룡북초등학교)",57703,35.04164558,127.6164145,옥룡북초등학교,39,1
진상초등학교,"전라남도 광양시 진상면 신시2길 44 (진상면,진상초등학교)",57707,35.02009771,127.7165245,진상초등학교,38,1
진월초등학교,"전라남도 광양시 진월면 선소중앙길 69 (진월면,진월초등학교)",57712,34.97859769,127.7594725,진월초등학교,39,1
태인초등학교,"전라남도 광양시 태인길 95 (태인동,태인초등학교)",57813,34.94596712,127.7439466,태인초등학교,27,1
노동초등학교,"전라남도 보성군 노동면 거석길 218 (노동면,강당)",59444,34.82428215,127.0485424,노동초등학교,17,1
득량남초등학교,"전라남도 보성군 득량면 월평1길 50 , 득량남초등학교",59466,34.75199989,127.1864251,득량남초등학교,18,1
문덕초등학교,"전라남도 보성군 문덕면 동소산길 129-10 , 문덕초등학교 (문덕면,관사)",59402,34.9197897,127.1753523,문덕초등학교,23,1
미력초등학교,"전라남도 보성군 미력면 송재로 589 , 미력초등학교",59443,34.79989099,127.0858574,미력초등학교,28,1
벌교중앙초등학교,"전라남도 보성군 벌교읍 장좌길 10 , 벌교중앙초등학교 (벌교읍,관사)",59430,34.83769186,127.3423221,벌교중앙초등학교,38,1
양산초등학교,"전라남도 나주시 왕곡면 고분로 1560 (왕곡면,양산초등학교)",58304,34.97023218,126.7056724,양산초등학교,56,1
왕곡초등학교,"전라남도 나주시 왕곡면 나주서부로 554 (왕곡면,왕곡초등학교)",58296,34.96366649,126.6549869,왕곡초등학교,32,1
포두초등학교,전라남도 고흥군 포두면 우주로 624 포두초등학교,59524,34.5694116,127.3407175,포두초등학교,57,1
풍남초등학교,"전라남도 고흥군 풍양면 풍남로 716 (풍양면,풍남초등학교)",59550,34.52363234,127.2445026,풍남초등학교,21,1
풍양초등학교,"전라남도 고흥군 풍양면 죽시장터길 13-6 (풍양면,창고)",59549,34.57564766,127.2435955,풍양초등학교,32,1
고달초등학교,전라남도 곡성군 고달면 곡고로 424 (고달면),57546,35.29669074,127.3420802,고달초등학교,31,1
간문초등학교,"전라남도 구례군 간전면 간전중앙로 164 , 간문초등학교 (간전면,간문초등학교)",57628,35.17740527,127.5421031,간문초등학교,24,1
광의초등학교,"전라남도 구례군 광의면 광의초교길 23 (광의면,광의초등학교)",57611,35.25936947,127.4457871,광의초등학교,34,1
문척초등학교,"전라남도 구례군 문척면 수달생태로 270 (문척면,문척초등학교)",57630,35.19214654,127.4898971,문척초등학교,31,1
용방초등학교,"전라남도 구례군 용방면 용방로 464 (용방면,용방초등학교)",57612,35.25072657,127.4331258,용방초등학교,56,1
원촌초등학교,"전라남도 구례군 산동면 원촌길 123 (산동면,원촌초교)",57602,35.3162475,127.4387752,원촌초등학교,32,1
고서초등학교,전라남도 담양군 고서면 원등1길 7 (고서면),57385,35.224635,126.973633,고서초등학교,56,1
금성초등학교,전라남도 담양군 금성면 석현길 18 (금성면),57305,35.34476246,127.0247911,금성초등학교,47,1
금성초등학교,전라남도 담양군 금성면 석현길 18 (금성면),57305,35.34476246,127.0247911,금성초등학교,26,1
담주초등학교,"전라남도 담양군 담양읍 신성길 26 , 담주초등학교 (담양읍)",57364,35.30066212,126.9761899,담주초등학교,37,1
만덕초등학교,전라남도 담양군 대덕면 창평현로 905 (대덕면),57380,35.24933318,127.0356311,만덕초등학교,24,1
무정초등학교,"전라남도 담양군 무정면 수문동길 26-11 (무정면,무정병설유치원)",57359,35.29084756,127.0403368,무정초등학교,47,1
봉산초등학교,전라남도 담양군 봉산면 신학길 34-11 (봉산면),57367,35.27716072,126.9570891,봉산초등학교,46,1
삼기초등학교,"전라남도 곡성군 삼기면 곡순로 1462 , 삼기초등학교 (삼기면)",57521,35.23677671,127.2092096,삼기초등학교,27,1
석곡초등학교,전라남도 곡성군 석곡면 석곡로 91 (석곡면),57560,35.13538333,127.2536339,석곡초등학교,57,1
오산초등학교,전라남도 곡성군 오산면 오산로 616 (오산면),57518,35.23901695,127.1210521,오산초등학교,33,1
입면초등학교,"전라남도 곡성군 입면 송전로 27 , 입면초등학교",57509,35.30660481,127.1852564,입면초등학교,39,1
죽곡초등학교,"전라남도 곡성군 죽곡면 오죽로 43 , 죽곡초등학교",57549,35.1527471,127.3178503,죽곡초등학교,31,1
광양동초등학교,전라남도 광양시 광양읍 읍성길 61 광양동초등학교,57752,34.97116524,127.5867452,광양동초등학교,49,1
중동초등학교,"전라남도 구례군 산동면 관산구산길 49 (산동면,중동초등학교)",57604,35.31854382,127.4658315,중동초등학교,28,1
청천초등학교,"전라남도 구례군 마산면 화엄사로 136 (마산면,청천초등학교)",57617,35.22136656,127.4875815,청천초등학교,60,1
토지초등학교,"전라남도 구례군 토지면 섬진강대로 5028 , 토지초등학교 (토지면,주택)",57624,35.19641207,127.5275682,토지초등학교,36,1
공산초등학교,"전라남도 나주시 공산면 공산로 85 (공산면,공산초등학교)",58290,34.94158386,126.6135047,공산초등학교,46,1
나주북초등학교,"전라남도 나주시 청암길 47-23 (청동,나주북초등학교)",58243,35.04811957,126.7277706,나주북초등학교,50,1
노안초등학교,"전라남도 나주시 노안면 노안로 165 (노안면,노안초등학교)",58205,35.08058696,126.7183118,노안초등학교,41,1
다도초등학교,"전라남도 나주시 다도면 다도로 636 (다도면,다도초등학교)",58319,34.95792122,126.8265111,다도초등학교,58,1
다시초등학교,"전라남도 나주시 다시면 다시로 203 (다시면,다시초등학교)",58203,35.01775979,126.639999,다시초등학교,47,1
동강초등학교,"전라남도 나주시 동강면 동강로 595 (동강면,동강초등학교)",58292,34.93845086,126.5645381,동강초등학교,52,1
동강초등학교,"전라남도 나주시 동강면 동강로 595 (동강면,동강초등학교)",58292,34.93845086,126.5645381,동강초등학교,33,1
용면초등학교,전라남도 담양군 용면 추성2길 70 (용면),57302,35.36351227,126.9900443,용면초등학교,27,1
월산초등학교,전라남도 담양군 월산면 도개길 180 (월산면),57312,35.34069529,126.9505435,월산초등학교,41,1
금산초등학교,"전라남도 고흥군 금산면 상하촌길 17-8 (금산면,관사)",59564,34.46167697,127.1288827,금산초등학교,59,1
남양초등학교,"전라남도 고흥군 남양면 상와길 40 (남양면,관사)",59509,34.72892137,127.35463,남양초등학교,17,1
녹동초등학교소록도분교장,"전라남도 고흥군 도양읍 소록선창길 89-66 (도양읍,녹동초등학교소록분교 교실)",59562,34.5163923,127.1318768,녹동초등학교소록도분교장,8,1
녹동초등학교시산분교장,"전라남도 고흥군 도양읍 시산석금길 30 (도양읍,교실)",59563,34.39513849,127.25837,녹동초등학교시산분교장,1,1
대서초등학교,"전라남도 고흥군 대서면 동서로 466 (대서면,관사)",59507,34.77255874,127.2838535,대서초등학교,17,1
도덕초등학교,"전라남도 고흥군 도덕면 학동1길 16 (도덕면,관사)",59546,34.56727135,127.174099,도덕초등학교,35,1
도화초등학교,전라남도 고흥군 도화면 오치길 43-4 (도화면),59529,34.51119136,127.318461,도화초등학교,38,1
동강초등학교,전라남도 고흥군 동강면 원유둔1길 19 동강초등학교,59502,34.93845086,126.5645381,동강초등학교,52,1
동강초등학교,전라남도 고흥군 동강면 원유둔1길 19 동강초등학교,59502,34.93845086,126.5645381,동강초등학교,33,1
두원초등학교,"전라남도 고흥군 두원면 두원로 476-29 (두원면,단독주택)",59514,34.64741647,127.2758084,두원초등학교,34,1
백양초등학교,"전라남도 고흥군 동일면 우주로 2610 , 백양초등학교",59567,34.50385128,127.4662566,백양초등학교,16,1
봉래초등학교,"전라남도 고흥군 봉래면 신금길 7 봉래초등학교 (봉래면,봉래초등학교)",59569,34.46915761,127.4659156,봉래초등학교,36,1
영남초등학교,"전라남도 고흥군 영남면 팔영로 1075 (영남면,초등학교)",59520,34.60371903,127.4550226,영남초등학교,27,1
점암초등학교,"전라남도 고흥군 점암면 점암학교길 11-6 , 점암초등학교 (점암면,관리소)",59517,34.65221175,127.3816043,점암초등학교,19,1
목포남초등학교,"전라남도 목포시 산정로21번길 22 (호남동,목포남초등학교)",58741,34.79170854,126.3915832,목포남초등학교,57,1
복내초등학교,"전라남도 보성군 복내면 원봉길 5 , 복내초등학교",59405,34.89871985,127.1282093,복내초등학교,24,1
예당초등학교,전라남도 보성군 득량면 예당초교길 3 예당초등학교,59436,34.7794896,127.1955503,예당초등학교,26,1
율어초등학교,"전라남도 보성군 율어면 율어로 569-14 , 율어초등학교",59407,34.87246169,127.1857603,율어초등학교,14,1
조성남초등학교,"전라남도 보성군 조성면 산정길 2 , 조성남초등학교 (조성면,관사)",59435,34.78998166,127.2150242,조성남초등학교,21,1
조성초등학교,"전라남도 보성군 조성면 조성로 129-7 , 조성초등학교",59440,34.81022816,127.2486641,조성초등학교,30,1
회천서초등학교,"전라남도 보성군 회천면 시장길 12 (회천면,관사)",59473,34.67097984,127.0631388,회천서초등학교,5,1
회천초등학교,"전라남도 보성군 회천면 남부관광로 2343 ,(회천면,회천초등학교)",59471,34.67280182,127.0850714,회천초등학교,30,1
승주초등학교,"전라남도 순천시 승주읍 승주로 639 (승주읍,승주초등학교)",57908,35.01722239,127.380163,승주초등학교,28,1
외서초등학교,"전라남도 순천시 외서면 반월로 6 (외서면,외서초등학교)",57915,34.91607038,127.2739419,외서초등학교,32,1
월등초등학교,"전라남도 순천시 월등면 월평2길 21 (월등면,월등초등학교)",57902,35.09273178,127.3778724,월등초등학교,27,1
주암초등학교,"전라남도 순천시 주암면 동주로 2093 (주암면,관사)",57911,35.07682306,127.2396504,주암초등학교,19,1
창촌초등학교,"전라남도 순천시 주암면 창동주암길 3 (주암면,창촌초등학교)",57911,35.0604064,127.2772997,창촌초등학교,14,1
황전초등학교,전라남도 순천시 황전면 수평길 21 (황전면),57901,35.10108091,127.4301348,황전초등학교,30,1
황전초등학교회덕분교장,"전라남도 순천시 황전면 삽재팔동길 377 (황전면,황전초등학교회덕분교장)",57901,35.10847737,127.4957753,황전초등학교회덕분교장,4,1
진도서초등학교,"전라남도 진도군 진도읍 신흥정자로 25 (진도읍,진도서초등학교)",58931,34.49834381,126.2402363,진도서초등학교,25,1
진도서초등학교가사도분교장,"전라남도 진도군 조도면 가사도궁항길 148-18 , 진도서초등학교가사도분교장",58953,34.47679029,126.0590737,진도서초등학교가사도분교장,4,1
기산초등학교,"전라남도 함평군 함평읍 기산길 63 (함평읍,기산초등학교)",57147,35.06782252,126.5167407,기산초등학교,25,1
나산초등학교,"전라남도 함평군 나산면 함장로 2441-8 (나산면,나산초등학교)",57129,35.11684944,126.6065269,나산초등학교,50,1
대동향교초등학교,전라남도 함평군 대동면 대동길 6-9 대동향교초등학교,57145,35.06760771,126.5327702,대동향교초등학교,43,1
손불서초등학교,"전라남도 함평군 손불면 양재길 15 (손불면,손불서초등학교)",57101,35.15634107,126.4067744,손불서초등학교,26,1
손불초등학교,"전라남도 함평군 손불면 손불중앙길 121 (손불면,손불초등학교)",57110,35.14572285,126.4338246,손불초등학교,37,1
신광초등학교,전라남도 함평군 신광면 신광중앙길 118 신광초등학교,57107,35.15741575,126.4994896,신광초등학교,11,1
엄다초등학교,"전라남도 함평군 엄다면 엄다길 35 (엄다면,엄다초등학교)",57164,35.01154318,126.5136275,엄다초등학교,26,1
가거도초등학교,"전라남도 신안군 흑산면 가거도길 18-31 , 가거도초등학교 (흑산면)",58866,34.05255272,125.1302535,가거도초등학교,4,1
비금동초등학교,"전라남도 신안군 비금면 용소길 181-6 (비금면,비금동초등학교)",58843,34.7846813,125.9798266,비금동초등학교,19,1
비금초등학교,전라남도 신안군 비금면 신원리 93,58846,34.76042859,125.9210024,비금초등학교,54,1
신의초등학교,"전라남도 신안군 신의면 신의로 , 710-57 (신의면)",58857,34.58338389,126.0958194,신의초등학교,38,1
안좌초등학교,전라남도 신안군 안좌면 김환기길 6,58839,34.75452971,126.1239609,안좌초등학교,51,1
학다리중앙초등학교,"전라남도 함평군 학교면 백학길 100 (학교면,학다리중앙초등학교)",57162,35.01412047,126.5365017,학다리중앙초등학교,58,1
해보초등학교,전라남도 함평군 해보면 해삼로 313 해보초등학교 (해보면),57117,35.17740325,126.6034645,해보초등학교,57,1
계곡초등학교,"전라남도 해남군 계곡면 성진길 6-37 (계곡면,계곡초등학교)",59018,34.64623412,126.6574764,계곡초등학교,26,1
마산초등학교,"전라남도 해남군 마산면 은적사길 13 (마산면,마산초등학교)",59020,34.61914077,126.5729163,마산초등학교,26,1
마산초등학교용전분교장,"전라남도 해남군 마산면 산이로 117-69 (마산면,마산초등학교)",59016,34.59630663,126.5452402,마산초등학교용전분교장,7,1
북일초등학교,"전라남도 해남군 북일면 백도로 849 (북일면,북일초등학교)",59051,34.46739334,126.6767422,북일초등학교,20,1
북일초등학교,"전라남도 해남군 북일면 백도로 849 (북일면,북일초등학교)",59051,34.46739334,126.6767422,북일초등학교,50,1
북평초등학교,"전남 해남군 북평면 볼무당길 40 (북평면,북평초등학교)",59055,34.40811428,126.6312195,북평초등학교,43,1
산이서초등학교,"전라남도 해남군 산이면 산이로 1736 (산이면, 산이서초등학교)",59014,34.67684536,126.4108822,산이서초등학교,33,1
산이초등학교,"전라남도 해남군 산이면 비석길 95-2 (산이면,산이초등학교)",59011,34.64388565,126.4478025,산이초등학교,33,1
삼산초등학교,"전라남도 해남군 삼산면 고산로 586 (삼산면,삼산초등학교)",59047,34.51553988,126.6071973,삼산초등학교,28,1
암태초등학교,"전라남도 신안군 암태면 장단고길 56 (암태면,암태초등학교)",58836,34.82929773,126.1076693,암태초등학교,46,1
압해동초등학교,"전라남도 신안군 압해읍 압해로 378-6 (압해읍,압해동초등학교)",58827,34.84124787,126.3549563,압해동초등학교,28,1
압해서초등학교,전라남도 신안군 압해읍 압해로 1336-2 (압해읍),58823,34.8629935,126.2738481,압해서초등학교,12,1
압해초등학교,전라남도 신안군 압해읍 복룡로 33-8 (압해읍),58824,34.86781857,126.3092749,압해초등학교,56,1
임자남초등학교,"전라남도 신안군 임자면 장동길 86 (임자면,임자남초등학교)",58803,35.08424106,126.0770195,임자남초등학교,32,1
임자초등학교,"전남 신안군 임자면 임자로 216-4 (임자면,임자초등학교)",58802,35.0902559,126.1016557,임자초등학교,58,1
자은초등학교,전라남도 신안군 자은면 구영1길 44-36 자은초등학교,58829,34.89073137,126.0468919,자은초등학교,38,1
장산초등학교,"전라남도 신안군 장산면 장산로 277 , 장산초등학교 (장산면)",58860,34.63815964,126.1442066,장산초등학교,26,1
증도초등학교,"전라남도 신안군 증도면 문준경길 , 218 (증도면,증도초등학교)",58807,35.00214012,126.137314,증도초등학교,29,1
팔금초등학교,"전라남도 신안군 팔금면 삼층석탑길 173 (팔금면,팔금초등학교)",58838,34.78652534,126.144779,팔금초등학교,14,1
서정초등학교,"전라남도 해남군 송지면 달마로 524 (송지면, 서정초등학교)",59061,34.38936175,126.5607117,서정초등학교,26,1
송호초등학교,"전라남도 해남군 송지면 송호길 5 (송지면,송호초등학교)",59065,34.31678657,126.5185875,송호초등학교,14,1
어란진초등학교,"전라남도 해남군 송지면 어란로 441 (송지면,어란진초등학교)",59063,34.35181773,126.4772672,어란진초등학교,12,1
옥천초등학교,"전라남도 해남군 옥천면 해강로 19 (옥천면,옥천초등학교)",59021,34.56810275,126.6491141,옥천초등학교,53,1
현산초등학교,"전라남도 해남군 현산면 현산북평로 , 98",59058,34.45921369,126.552667,현산초등학교,25,1
화산초등학교,전라남도 해남군 화산면 화산초길 9 (화산면),59049,34.49235769,126.5165443,화산초등학교,36,1
화원초등학교,"전라남도 해남군 화원면 청용길 117 , 화원초등학교 (화원면,화원초등학교)",59002,34.67317236,126.3334016,화원초등학교,41,1
하의초등학교,"전라남도 신안군 하의면 안곰실길 33 (하의면,하의초등학교)",58856,34.60036226,126.0359455,하의초등학교,29,1
흑산초등학교,전라남도 신안군 흑산면 진마을길 12-13 (흑산면),58863,34.68443761,125.427644,흑산초등학교,17,1
흑산초등학교홍도분교장,전라남도 신안군 흑산면 홍도1길 53 (흑산면),58862,34.68544949,125.1923174,흑산초등학교홍도분교장,6,1
흑산초등학교흑산동분교장,전라남도 신안군 흑산면 수리 177,58863,34.73153048,125.464771,흑산초등학교흑산동분교장,1,1
강진동초등학교,"전남 강진군 강진읍 중앙로 180 (강진읍,강진동초등학교)",59225,34.64118416,126.7762163,강진동초등학교,54,1
계산초등학교,"전라남도 강진군 군동면 군동계산길 22 (군동면,계산초등학교)",59223,34.64577726,126.7859204,계산초등학교,52,1
군동초등학교,"전라남도 강진군 군동면 석교로 365 (군동면,군동초등학교)",59220,34.64801203,126.8163997,군동초등학교,30,1
대구초등학교,"전라남도 강진군 대구면 청자로 1888 (대구면,강진대구초등학교)",59266,34.49270329,126.7978182,대구초등학교,22,1
도암초등학교,"전라남도 강진군 도암면 봉황로 10 , 도암초등학교",59250,34.55138732,126.7255069,도암초등학교,23,1
마량초등학교,"전라남도 강진군 마량면 서중길 42 , 마량초등학교 (마량면,마량초교)",59267,34.45626997,126.8113921,마량초등학교,28,1
병영초등학교,"전라남도 강진군 병영면 하멜로 385 (병영면,병영초등학교)",59214,34.71457494,126.8125717,병영초등학교,24,1
성전초등학교,"전라남도 강진군 성전면 예향로 17 (성전면,성전초등학교)",59203,34.69368367,126.7066373,성전초등학교,28,1
신전초등학교,"전라남도 강진군 신전면 백도로 1341 (신전면,신전초교)",59252,34.50002562,126.709617,신전초등학교,31,1
옴천초등학교,"전라남도 강진군 옴천면 개산중앙길 12-7 (옴천면,옴천초등학교)",59208,34.74512346,126.7953575,옴천초등학교,18,1
작천초등학교,"전라남도 강진군 작천면 평리3길 1 (작천면,작천초등학교)",59213,34.7034933,126.771639,작천초등학교,21,1
칠량초등학교,"전라남도 강진군 칠량면 영동1길 , 5번지 (칠량면)",59261,34.57360378,126.8004299,칠량초등학교,38,1
거문초등학교,"전라남도 여수시 삼산면 거문학교길 25 (삼산면,거문도초등학교)",59790,34.02631071,127.3127881,거문초등학교,31,1
경호초등학교,"전라남도 여수시 대경도4길 48 (경호동,경호초등학교)",59766,34.71697224,127.727934,경호초등학교,42,1
나진초등학교,"전라남도 여수시 화양면 나진1길 10 (화양면,나진초등학교)",59779,34.70909219,127.6122168,나진초등학교,44,1
돌산초등학교,"전라남도 여수시 돌산읍 돌산로 1184 (돌산읍,돌산 초등학교)",59777,34.61744826,127.728778,돌산초등학교,22,1
백초초등학교,전라남도 여수시 돌산읍 돌산로 3560-10 백초초등학교,59767,34.72950278,127.7444561,백초초등학교,27,1
봉덕초등학교,"전라남도 여수시 돌산읍 죽포1길 21-16 (돌산읍,봉덕 초등학교)",59775,34.641843,127.7779798,봉덕초등학교,12,1
상암초등학교,"전라남도 여수시 상암로 625 (상암동,상암초등학교)",59619,34.82621537,127.7312638,상암초등학교,51,1
도곡중앙초등학교,"전라남도 화순군 도곡면 고인돌1로 115 (도곡면,도곡중앙초등학교)",58154,34.98776887,126.910683,도곡중앙초등학교,37,1
도곡초등학교,"전라남도 화순군 도곡면 천암1길 71 (도곡면,도곡초등학교)",58148,35.01354629,126.9078239,도곡초등학교,50,1
동복초등학교,"전라남도 화순군 동복면 오지호로 300 (동복면,동복초등학교)",58102,35.07254339,127.1277438,동복초등학교,16,1
사평초등학교,전라남도 화순군 남면 김삿갓로 3 (남면),58144,35.00838334,127.0919512,사평초등학교,40,1
아산초등학교,"전남 화순군 북면 학천길 22-2 (북면,아산초등학교)",58101,35.16837139,127.132495,아산초등학교,21,1
이양초등학교,"전라남도 화순군 이양면 이양로 42 (이양면,이양초등학교)",58165,34.88341632,126.9891137,이양초등학교,16,1
천태초등학교,"전라남도 화순군 도암면 천태로 526 , 전라남도 화순군 도암면 천태리 (도암면,천태초등학교)",58158,34.94593718,126.8927576,천태초등학교,38,1
청풍초등학교,"전라남도 화순군 청풍면 평지촌길 54 (청풍면,청풍초등학교)",58162,34.87555654,126.9701967,청풍초등학교,15,1
춘양초등학교,"전남 화순군 춘양면 춘양로 124 (춘양면,춘양초등학교)",58157,34.94903514,126.9590956,춘양초등학교,58,1
한천초등학교,화순군 한천면 청계길 26,58147,34.97964232,127.00389,한천초등학교,46,1
과역초등학교,"전라남도 고흥군 과역면 과역로 815 (과역면,과역초등학교)",59511,34.68041627,127.3575876,과역초등학교,47,1
세지초등학교,"전라남도 나주시 세지면 동창로 111 (세지면,세지초등학교)",58318,34.91939775,126.7474351,세지초등학교,36,1
상암초등학교묘도분교장,전남 여수시 묘도11길 5-1 (묘도동),59617,34.89049236,127.7274133,상암초등학교묘도분교장,11,1
소라초등학교사곡분교장,전라남도 여수시 소라면 사곡로 27,59607,34.78759407,127.5827281,소라초등학교사곡분교장,9,1
소라초등학교소라남분교장,"전남 여수시 소라면 중촌1길 11 (소라면,소라초등학교 소라남분교장)",59654,34.76131901,127.6080103,소라초등학교소라남분교장,22,1
신풍초등학교,"전라남도 여수시 율촌면 여순로 435-4 (율촌면,신풍초등학교)",59605,34.84315897,127.6093506,신풍초등학교,24,1
안일초등학교,"전라남도 여수시 화양면 화양로 341-3 (화양면,안일 초등학교)",59780,34.64006831,127.6265812,안일초등학교,16,1
안일초등학교백야분교장,"전라남도 여수시 화정면 백야3길 8-21 (화정면,안일초등학교 백야분교장)",59782,34.62154137,127.6392783,안일초등학교백야분교장,5,1
여남초등학교,"전라남도 여수시 남면 금오로 836 (남면,여남초등학교)",59786,34.51213132,127.7668059,여남초등학교,28,1
여수남산초등학교,"전라남도 여수시 남산북10길 8 (남산동,남산초등학교)",59753,34.73730674,127.7299162,여수남산초등학교,33,1
여수봉산초등학교,"전라남도 여수시 봉산새철4길 28 (봉산동,봉산초등학교)",59754,34.73549481,127.7272229,여수봉산초등학교,22,1
여수북초등학교,"전라남도 여수시 망양로 306 (만흥동,여수북초등학교)",59622,34.777848,127.742998,여수북초등학교,39,1
화순초등학교이서분교장,"전라남도 화순군 이서면 규봉로 979 (이서면,이서초등학교)",58103,35.11710887,127.0435201,화순초등학교이서분교장,21,1
화양초등학교,"전라남도 여수시 화양면 화동로 149 (화양면,화양초등학교)",59779,34.6865179,127.5946121,화양초등학교,27,1
화정초등학교,"전라남도 여수시 화정면 개도화산길 50 (화정면,화정초등학교)",59783,34.57069017,127.6596288,화정초등학교,10,1
군남초등학교,전라남도 영광군 군남면 군불로 135 (군남면),57060,35.23652402,126.4574775,군남초등학교,32,1
군서초등학교,"전라남도 영광군 군서면 군서로 50 , 군서초등학교",57033,35.25713652,126.4781571,군서초등학교,33,1
대마초등학교,"전라남도 영광군 대마면 영장로 277 , 대마초등학교",57054,35.30313947,126.5818296,대마초등학교,31,1
동화초등학교,"전남 장성군 동화면 용정교촌길 45 (동화면,교실)",57241,35.27410862,126.7363941,동화초등학교,35,1
북이초등학교,"전라남도 장성군 북이면 신창길 5-1 , 북이초등학교",57200,35.43231963,126.8041881,북이초등학교,35,1
북일초등학교,"전라남도 장성군 북일면 신흥로 574 (북일면,교실)",57230,34.46739334,126.6767422,북일초등학교,20,1
북일초등학교,"전라남도 장성군 북일면 신흥로 574 (북일면,교실)",57230,34.46739334,126.6767422,북일초등학교,50,1
백수서초등학교,전라남도 영광군 백수읍 지산길4길 50-11 (백수읍),57029,35.28254022,126.3968727,백수서초등학교,12,1
백수초등학교,전라남도 영광군 백수읍 백수로10길 21 (백수읍),57028,35.28210109,126.4206231,백수초등학교,54,1
불갑초등학교,"전라남도 영광군 불갑면 강항로 7 , 불갑초등학교",57059,35.2116359,126.5080134,불갑초등학교,44,1
염산초등학교,전라남도 영광군 염산면 칠산로 124 (염산면),57066,35.22095435,126.3665479,염산초등학교,43,1
염산초등학교낙월분교장,"전라남도 영광군 낙월면 낙월길 70 (낙월면, 염산초등학교낙월분교장병설유치원)",57068,35.20205743,126.1365228,염산초등학교낙월분교장,2,1
홍농서초등학교,전라남도 영광군 홍농읍 홍농로4길 30 (홍농읍),57003,35.41843976,126.4401633,홍농서초등학교,21,1
서삼초등학교,전라남도 장성군 서삼면 축령로 368 (서삼면),57232,35.33361937,126.7685869,서삼초등학교,45,1
약수초등학교,전라남도 장성군 북하면 백양로 883,57205,35.40827922,126.8814256,약수초등학교,31,1
진원동초등학교,"전라남도 장성군 진원면 불태3로 245 , 진원동초등학교",57246,35.26041299,126.8636015,진원동초등학교,55,1
구림초등학교,"전라남도 영암군 군서면 왕인로 509 (군서면,구림초등학교)",58434,34.76373847,126.632284,구림초등학교,30,1
금정초등학교,"전라남도 영암군 금정면 영나로 836 (금정면,금정중학교)",58405,34.86128448,126.7534745,금정초등학교,19,1
덕진초등학교,"전라남도 영암군 덕진면 백운선로 21 (덕진면,덕진초등학교)",58409,34.82148517,126.6987828,덕진초등학교,37,1
도포초등학교,"전라남도 영암군 도포면 줄다리로 117 (도포면,도포초등학교)",58429,34.83654887,126.6353365,도포초등학교,24,1
독천초등학교,"전라남도 영암군 학산면 영산로 58 (학산면,독천초등학교)",58439,34.72831642,126.5644595,독천초등학교,60,1
미암초등학교,"전라남도 영암군 미암면 미중로 61 (미암면,미암초등학교)",58444,34.69947394,126.5734208,미암초등학교,11,1
서창초등학교,"전라남도 영암군 삼호읍 서창호수길 4 (삼호읍,서창초등학교)",58467,34.72846759,126.5322935,서창초등학교,54,1
시종초등학교,"전라남도 영암군 시종면 내동중앙로 17 (시종면,시종초등학교)",58427,34.86773346,126.6074767,시종초등학교,40,1
신북초등학교,"전라남도 영암군 신북면 간은정로 67 (신북면,신북초등학교)",58401,34.89137601,126.6958279,신북초등학교,36,1
용당초등학교,"전라남도 영암군 삼호읍 아산길 26-10 (삼호읍,용당초등학교)",58450,34.76191612,126.3996967,용당초등학교,33,1
장천초등학교,"전라남도 영암군 서호면 서호로 332 (서호면,장천초등학교)",58437,34.75603314,126.5830254,장천초등학교,25,1
문평초등학교,"전라남도 나주시 문평면 문평로 15 (문평면,문평초등학교)",58200,35.05875512,126.6033111,문평초등학교,11,1
반남초등학교,"전라남도 나주시 반남면 고분로 712 , 반남초등학교 (반남면,반남초등학교)",58303,34.91199939,126.658963,반남초등학교,11,1
봉황초등학교,"전라남도 나주시 봉황면 죽석길 31 (봉황면,봉황초등학교)",58307,34.95765485,126.7881475,봉황초등학교,48,1
학산초등학교,"전라남도 영암군 학산면 금계로 193 (학산면,학산초등학교)",58440,34.72056015,126.596789,학산초등학교,25,1
군외초등학교,"전라남도 완도군 군외면 청해진서로 2020 (군외면,군외초교)",59100,34.37942458,126.6466237,군외초등학교,24,1
금당초등학교,"전라남도 완도군 금당면 금당로 220-23 (금당면,금당초교)",59137,34.44104275,127.0612635,금당초등학교,26,1
금일동초등학교,"전라남도 완도군 금일읍 금일로725번길 18-13 (금일읍,금일동초교)",59143,34.34050617,127.055013,금일동초등학교,40,1
넙도초등학교,전라남도 완도군 노화읍 넙도길 294-31 (노화읍),59159,34.18845921,126.5042129,넙도초등학교,7,1
관산남초등학교,전라남도 장흥군 관산읍 장흥대로 1350 (관산읍),59357,34.52650787,126.9540752,관산남초등학교,23,1
관산초등학교,전라남도 장흥군 관산읍 관산로 64 (관산읍),59348,34.56155709,126.9393805,관산초등학교,40,1
명덕초등학교,전라남도 장흥군 회진면 회진로 805-17 (회진면),59358,34.4791602,126.966598,명덕초등학교,20,1
부산초등학교,"전라남도 장흥군 부산면 부유로 25-16 (부산면,부산초등학교)",59302,34.72291091,126.9012739,부산초등학교,22,1
넙도초등학교서리분교장,"전라남도 완도군 노화읍 넙도298번길 18 , 넙도초등학교서리분교장",59159,34.18834919,126.5010893,넙도초등학교서리분교장,6,1
노화북초등학교,"전라남도 완도군 노화읍 노화서로614번길 102 (노화읍,노화북초교)",59154,34.21624042,126.5776814,노화북초등학교,57,1
노화중앙초등학교,"전라남도 완도군 노화읍 이목25번길 49-13 (노화읍,노화중앙초교)",59157,34.17883256,126.5715853,노화중앙초등학교,38,1
생영초등학교,"전라남도 완도군 생일면 생일로579번길 3 (생일면,생영초등학교)",59144,34.33302176,126.9963661,생영초등학교,23,1
신지동초등학교,"전라남도 완도군 신지면 신지로 815-1 , 신지동초등학교 (신지면,신지동초등학교)",59147,34.32717924,126.8506169,신지동초등학교,19,1
신지초등학교,"전라남도 완도군 신지면 대곡48번길 37 , 신지초등학교",59146,34.33793014,126.8297626,신지초등학교,36,1
약산초등학교,"전남 완도군 약산면 약산로 351-1 (약산면,약산초등학교)",59135,34.39402969,126.8964679,약산초등학교,49,1
청산초등학교,전라남도 완도군 청산면 청산로 1602-1 (청산면),59151,34.1829045,126.8599055,청산초등학교,26,1
청산초등학교모도분교장,"전라남도 완도군 청산면 대모도12번길 20-1 , 청산초등학교모도분교장 (청산면)",59152,34.20093346,126.7538463,청산초등학교모도분교장,2,1
청해초등학교,"전라남도 완도군 완도읍 청해진로 1374 (완도읍,청해초교)",59104,34.35941744,126.7278083,청해초등학교,53,1
화흥초등학교,"전라남도 완도군 완도읍 청해진서로 824 (완도읍,화흥초교)",59107,34.3255716,126.7011789,화흥초등학교,38,1
안양초등학교,"전라남도 장흥군 안양면 운정2길 14 , 안양초등학교 (안양면)",59338,34.65187562,126.9731524,안양초등학교,29,1
용산초등학교,전라남도 장흥군 용산면 장흥대로 2445 (용산면),59345,34.61350472,126.9140209,용산초등학교,25,1
유치초등학교,전라남도 장흥군 유치면 유치로 48 (유치면),59301,34.80273435,126.8355488,유치초등학교,16,1
장동초등학교,"전라남도 장흥군 장동면 흥성로 1500 , 장동초등학교",59307,34.74669785,126.9940416,장동초등학교,14,1
장평초등학교,전라남도 장흥군 장평면 등촌길 10 (장평면),59306,34.77592945,126.9713513,장평초등학교,26,1
장흥남초등학교,전라남도 장흥군 장흥읍 장흥대로 3298 (장흥읍),59336,34.66575774,126.8898032,장흥남초등학교,56,1
회진초등학교,전라남도 장흥군 회진면 회진남구길 7 (회진면),59360,34.47994113,126.9356861,회진초등학교,37,1
낙안초등학교,"전라남도 순천시 낙안면 동서길 20 (낙안면,낙안초등학교)",57918,34.90922515,127.3428726,낙안초등학교,50,1
별량초등학교,"전남 순천시 별량면 별량길 58 (별량면,별량초등학교)",58033,34.8757508,127.4521151,별량초등학교,52,1
상사초등학교,"전라남도 순천시 상사면 상사초등길 55 (상사면,상사초등학교)",57919,34.94379076,127.4453773,상사초등학교,52,1
송광초등학교,"전라남도 순천시 송광면 쌍향수길 1169 (송광면,송광초등학교)",57914,34.96121664,127.2669752,송광초등학교,5,1
고성초등학교,"전라남도 진도군 고군면 고성길 2-3 (고군면,고성초등학교)",58909,34.49894725,126.3219566,고성초등학교,54,1
군내북초등학교,"전라남도 진도군 군내면 대야길 54 (군내면,군내북초등학교)",58900,34.56436734,126.2892593,군내북초등학교,30,1
금성초등학교,"전라남도 진도군 군내면 금골길 58 (군내면,금성초등학교)",58902,35.34476246,127.0247911,금성초등학교,47,1
금성초등학교,"전라남도 진도군 군내면 금골길 58 (군내면,금성초등학교)",58902,35.34476246,127.0247911,금성초등학교,26,1
석교초등학교,"전라남도 진도군 임회면 석교길 47-18 (임회면,석교초등학교)",58942,34.40639919,126.1921266,석교초등학교,52,1
오산초등학교,"전라남도 진도군 고군면 진도대로 288 (고군면,오산초등학교)",58908,35.23901695,127.1210521,오산초등학교,33,1
의신초등학교,"전라남도 진도군 의신면 돈지1길 13 (의신면,의신초등학교)",58935,34.44080796,126.2772507,의신초등학교,36,1
의신초등학교모도분교장,"전라남도 진도군 의신면 모도길 12-3 (의신면,의동초등학교모도분교장)",58936,34.40775537,126.3556005,의신초등학교모도분교장,5,1
의신초등학교접도분교장,"전라남도 진도군 의신면 황모길 25-1 (의신면,접도초등학교)",58939,34.38617924,126.2955965,의신초등학교접도분교장,2,1
조도초등학교,"전라남도 진도군 조도면 창유1길 36-14 (조도면,조도초등학교)",58956,34.29581903,126.0492442,조도초등학교,36,1
조도초등학교거차분교장,"전라남도 진도군 조도면 서거차도1길 42 , 조도초등학교거차분교장",58958,34.25282843,125.9180456,조도초등학교거차분교장,2,1
지산초등학교,"전라남도 진도군 지산면 인지독치1길 21-12 (지산면,학교)",58950,34.42237208,126.1667795,지산초등학교,52,1
